rank,company_id,Performance_Score,growth_score,risk_score,overall_score,value_at_risk,investment_category,recommendation
4,BEL,1906.62,8.16036404525655,2098.7757045189774,240.81020128609543,3.8,Value,HOLD
6,CIPLA,1908.82,9.89438995656441,2345.399098106464,180.64126195818156,4.47,Value,HOLD
7,HAL,1570.432,5.636569527934448,2261.6264271327445,64.73899255159097,2.89,Value,HOLD
