company_id,sales_growth_pct,profit_growth_pct,sales_cagr_pct,growth_score
ZOMATO,48.35727257718342,88.88888888888889,0.0,54.89846458642893
VEDL,0.5016454806682112,110.12070566388115,0.0,44.24894045781975
LODHA,31.582008530438156,61.58301158301158,0.0,37.2660080453799
ADANIENT,6.108627788552287,82.4887556221889,0.0,35.438953364296474
ADANIGREEN,16.941431670281997,53.01587301587302,0.0,27.982921874462008
BHEL,8.119532917590925,57.801418439716315,0.0,26.368380542922896
PNB,6.4741209370558845,58.73102544501474,0.0,26.08205855282825
BHARTIARTL,3.6644397327679323,61.43958868894601,0.0,26.04161136868558
TECHM,0.9231479344564966,57.488527325823945,0.0,23.36467010411218
DLF,8.93107203983196,46.98972099853157,0.0,22.368317215345414
SIEMENS,13.736319934540248,38.53211009174312,4.89,21.88537201051335
MOTHERSON,10.831678352855349,36.52317880794702,0.0,18.94194286432095
ICICIGI,13.735539610484699,31.214174048983846,0.0,17.97988546378742
TRENT,21.41414141414141,22.47799593771158,0.0,17.556854940741196
VBL,18.350682540671944,22.835394862036157,0.0,16.474430961083243
APOLLOHOSP,7.398079647410673,30.909090909090907,0.0,15.322868222600633
KOTAKBANK,13.898323168021054,23.702849612913855,0.0,15.040469112373964
SHRIRAMFIN,9.552599758162032,27.774023516691443,0.0,14.93064930994139
CHOLAFIN,17.424202890987843,12.631578947368421,0.0,12.022312735342506
TVSMOTOR,9.556776088900243,17.706576728499158,0.0,10.905341126959762
